-- 菜单模块
INSERT INTO `t_sys_menu_module` (`id`, `number`, `name`, `module_ord`, `module_type`, `icon_class`, `description`, `data_status`, `creator`, `modifier`, `gmt_create`, `gmt_modified`) VALUES ('1010', 'SYS_MANAGE', '后台管理', '1', '0', '', '', '1', '0', '0', '2022-09-18 00:00:00', '2022-12-12 14:41:21');
INSERT INTO `t_sys_menu_module` (`id`, `number`, `name`, `module_ord`, `module_type`, `icon_class`, `description`, `data_status`, `creator`, `modifier`, `gmt_create`, `gmt_modified`) VALUES ('2010', 'MERCHAT_MAIL', '商城', '1', '1', '', '', '1', '0', '0', '2022-09-18 00:00:00', '2022-09-18 00:00:00');
INSERT INTO `t_sys_menu_module` (`id`, `number`, `name`, `module_ord`, `module_type`, `icon_class`, `description`, `data_status`, `creator`, `modifier`, `gmt_create`, `gmt_modified`) VALUES ('2020', 'MERCHAT_MANAGE', '管理', '2', '1', '', '', '1', '0', '0', '2022-09-18 00:00:00', '2022-09-18 00:00:00');

-- 菜单
INSERT INTO `t_sys_menu` (`id`, `menu_module_id`, `name`, `parent_id`, `tips`, `url`, `menu_level`, `menu_ord`, `menu_type`, `icon_class`, `description`, `data_status`, `creator`, `modifier`, `gmt_create`, `gmt_modified`) VALUES ('20101010', '2010', '订单管理', '0', '', '/', '1', '1', '1', '', '', '1', '0', '0', '2022-09-19 20:58:12', '2023-02-18 10:27:50');
INSERT INTO `t_sys_menu` (`id`, `menu_module_id`, `name`, `parent_id`, `tips`, `url`, `menu_level`, `menu_ord`, `menu_type`, `icon_class`, `description`, `data_status`, `creator`, `modifier`, `gmt_create`, `gmt_modified`) VALUES ('20101020', '2010', '商品管理', '0', '', '/goods', '1', '2', '1', '', '', '1', '0', '0', '2022-09-19 20:59:58', '2023-02-18 10:28:08');
INSERT INTO `t_sys_menu` (`id`, `menu_module_id`, `name`, `parent_id`, `tips`, `url`, `menu_level`, `menu_ord`, `menu_type`, `icon_class`, `description`, `data_status`, `creator`, `modifier`, `gmt_create`, `gmt_modified`) VALUES ('20101030', '2010', '店铺营销', '0', '', '/marketing', '1', '3', '1', '', '', '1', '0', '0', '2022-09-19 21:01:34', '2023-02-18 10:28:25');
INSERT INTO `t_sys_menu` (`id`, `menu_module_id`, `name`, `parent_id`, `tips`, `url`, `menu_level`, `menu_ord`, `menu_type`, `icon_class`, `description`, `data_status`, `creator`, `modifier`, `gmt_create`, `gmt_modified`) VALUES ('20101040', '2010', '数据中心', '0', '', '/dataCenter', '1', '4', '1', '', '', '1', '0', '0', '2022-09-19 21:02:04', '2023-02-18 10:28:56');
INSERT INTO `t_sys_menu` (`id`, `menu_module_id`, `name`, `parent_id`, `tips`, `url`, `menu_level`, `menu_ord`, `menu_type`, `icon_class`, `description`, `data_status`, `creator`, `modifier`, `gmt_create`, `gmt_modified`) VALUES ('20101050', '2010', '财务管理', '0', '', '/financial', '1', '5', '1', '', '', '1', '0', '0', '2022-09-19 21:02:42', '2023-02-18 10:29:10');
INSERT INTO `t_sys_menu` (`id`, `menu_module_id`, `name`, `parent_id`, `tips`, `url`, `menu_level`, `menu_ord`, `menu_type`, `icon_class`, `description`, `data_status`, `creator`, `modifier`, `gmt_create`, `gmt_modified`) VALUES ('20101060', '2010', '店铺管理', '0', '', '/merchant', '1', '6', '1', '', '', '1', '0', '0', '2022-09-19 21:03:34', '2023-02-18 10:29:23');
INSERT INTO `t_sys_menu` (`id`, `menu_module_id`, `name`, `parent_id`, `tips`, `url`, `menu_level`, `menu_ord`, `menu_type`, `icon_class`, `description`, `data_status`, `creator`, `modifier`, `gmt_create`, `gmt_modified`) VALUES ('20201010', '2020', '账号管理', '0', '', '/account', '1', '1', '1', '', '', '1', '0', '0', '2022-09-19 21:08:06', '2023-02-18 10:29:36');
INSERT INTO `t_sys_menu` (`id`, `menu_module_id`, `name`, `parent_id`, `tips`, `url`, `menu_level`, `menu_ord`, `menu_type`, `icon_class`, `description`, `data_status`, `creator`, `modifier`, `gmt_create`, `gmt_modified`) VALUES ('20201020', '2020', '日志', '0', '', '/logs', '1', '2', '1', '', '', '1', '0', '0', '2022-09-19 21:08:58', '2023-02-18 10:29:50');
INSERT INTO `t_sys_menu` (`id`, `menu_module_id`, `name`, `parent_id`, `tips`, `url`, `menu_level`, `menu_ord`, `menu_type`, `icon_class`, `description`, `data_status`, `creator`, `modifier`, `gmt_create`, `gmt_modified`) VALUES ('201010101010', '2010', '订单查询', '20101010', '', '/order/query', '2', '1', '1', '', '', '1', '0', '0', '2022-09-19 20:58:54', '2023-02-18 10:30:09');
INSERT INTO `t_sys_menu` (`id`, `menu_module_id`, `name`, `parent_id`, `tips`, `url`, `menu_level`, `menu_ord`, `menu_type`, `icon_class`, `description`, `data_status`, `creator`, `modifier`, `gmt_create`, `gmt_modified`) VALUES ('201010101020', '2010', '售后查询', '20101010', '', '/order/aftersale', '2', '2', '1', '', '', '1', '0', '0', '2022-09-19 20:59:05', '2023-02-18 10:30:19');
INSERT INTO `t_sys_menu` (`id`, `menu_module_id`, `name`, `parent_id`, `tips`, `url`, `menu_level`, `menu_ord`, `menu_type`, `icon_class`, `description`, `data_status`, `creator`, `modifier`, `gmt_create`, `gmt_modified`) VALUES ('201010101030', '2010', '批量发货', '20101010', '', '/order/batch', '2', '3', '1', '', '', '1', '0', '0', '2022-09-19 20:59:17', '2023-02-18 10:30:35');
INSERT INTO `t_sys_menu` (`id`, `menu_module_id`, `name`, `parent_id`, `tips`, `url`, `menu_level`, `menu_ord`, `menu_type`, `icon_class`, `description`, `data_status`, `creator`, `modifier`, `gmt_create`, `gmt_modified`) VALUES ('201010101040', '2010', '商家地址', '20101010', '', '/order/address', '2', '4', '1', '', '', '1', '0', '0', '2022-09-19 20:59:30', '2023-02-18 10:30:44');
INSERT INTO `t_sys_menu` (`id`, `menu_module_id`, `name`, `parent_id`, `tips`, `url`, `menu_level`, `menu_ord`, `menu_type`, `icon_class`, `description`, `data_status`, `creator`, `modifier`, `gmt_create`, `gmt_modified`) VALUES ('201010201010', '2010', '商品列表', '20101020', '', '/goods/list', '2', '1', '1', '', '', '1', '0', '0', '2022-09-19 21:00:15', '2023-02-18 10:30:59');
INSERT INTO `t_sys_menu` (`id`, `menu_module_id`, `name`, `parent_id`, `tips`, `url`, `menu_level`, `menu_ord`, `menu_type`, `icon_class`, `description`, `data_status`, `creator`, `modifier`, `gmt_create`, `gmt_modified`) VALUES ('201010201020', '2010', '评价管理', '20101020', '', '/goods/evaluate', '2', '2', '1', '', '', '1', '0', '0', '2022-09-19 21:00:23', '2023-02-18 10:31:10');
INSERT INTO `t_sys_menu` (`id`, `menu_module_id`, `name`, `parent_id`, `tips`, `url`, `menu_level`, `menu_ord`, `menu_type`, `icon_class`, `description`, `data_status`, `creator`, `modifier`, `gmt_create`, `gmt_modified`) VALUES ('201010201030', '2010', '投诉管理', '20101020', '', '/goods/complaint', '2', '3', '1', '', '', '1', '0', '0', '2022-09-19 21:00:34', '2023-02-18 10:31:19');
INSERT INTO `t_sys_menu` (`id`, `menu_module_id`, `name`, `parent_id`, `tips`, `url`, `menu_level`, `menu_ord`, `menu_type`, `icon_class`, `description`, `data_status`, `creator`, `modifier`, `gmt_create`, `gmt_modified`) VALUES ('201010201040', '2010', '运费模板', '20101020', '', '/goods/freight', '2', '4', '1', '', '', '1', '0', '0', '2022-09-19 21:00:52', '2023-02-18 10:31:28');
INSERT INTO `t_sys_menu` (`id`, `menu_module_id`, `name`, `parent_id`, `tips`, `url`, `menu_level`, `menu_ord`, `menu_type`, `icon_class`, `description`, `data_status`, `creator`, `modifier`, `gmt_create`, `gmt_modified`) VALUES ('201010201050', '2010', '不配送地区', '20101020', '', '/goods/nosend', '2', '5', '1', '', '', '1', '0', '0', '2022-09-19 21:01:12', '2023-02-18 10:31:37');
INSERT INTO `t_sys_menu` (`id`, `menu_module_id`, `name`, `parent_id`, `tips`, `url`, `menu_level`, `menu_ord`, `menu_type`, `icon_class`, `description`, `data_status`, `creator`, `modifier`, `gmt_create`, `gmt_modified`) VALUES ('201010301010', '2010', '优惠券', '20101030', '', '/marketing/coupon', '2', '1', '1', '', '', '1', '0', '0', '2022-09-19 21:01:48', '2023-02-18 10:31:50');
INSERT INTO `t_sys_menu` (`id`, `menu_module_id`, `name`, `parent_id`, `tips`, `url`, `menu_level`, `menu_ord`, `menu_type`, `icon_class`, `description`, `data_status`, `creator`, `modifier`, `gmt_create`, `gmt_modified`) VALUES ('201010401010', '2010', '数据概览', '20101040', '', '/dataCenter/review', '2', '1', '1', '', '', '1', '0', '0', '2022-09-19 21:02:20', '2023-02-18 10:32:04');
INSERT INTO `t_sys_menu` (`id`, `menu_module_id`, `name`, `parent_id`, `tips`, `url`, `menu_level`, `menu_ord`, `menu_type`, `icon_class`, `description`, `data_status`, `creator`, `modifier`, `gmt_create`, `gmt_modified`) VALUES ('201010501010', '2010', '资产账户', '20101050', '', '/financial/accountAsset', '2', '1', '1', '', '', '1', '0', '0', '2022-09-19 21:02:56', '2023-02-18 10:32:18');
INSERT INTO `t_sys_menu` (`id`, `menu_module_id`, `name`, `parent_id`, `tips`, `url`, `menu_level`, `menu_ord`, `menu_type`, `icon_class`, `description`, `data_status`, `creator`, `modifier`, `gmt_create`, `gmt_modified`) VALUES ('201010501020', '2010', '交易订单对账', '20101050', '', '/financial/statement', '2', '2', '1', '', '', '1', '0', '0', '2022-09-19 21:03:10', '2023-02-18 10:32:27');
INSERT INTO `t_sys_menu` (`id`, `menu_module_id`, `name`, `parent_id`, `tips`, `url`, `menu_level`, `menu_ord`, `menu_type`, `icon_class`, `description`, `data_status`, `creator`, `modifier`, `gmt_create`, `gmt_modified`) VALUES ('201010601010', '2010', '店铺信息', '20101060', '', '/merchant/info', '2', '1', '1', '', '', '1', '0', '0', '2022-09-19 21:03:46', '2023-02-18 10:32:39');
INSERT INTO `t_sys_menu` (`id`, `menu_module_id`, `name`, `parent_id`, `tips`, `url`, `menu_level`, `menu_ord`, `menu_type`, `icon_class`, `description`, `data_status`, `creator`, `modifier`, `gmt_create`, `gmt_modified`) VALUES ('202010101010', '2020', '账号查询', '20201010', '', '/account/list', '2', '1', '1', '', '', '1', '0', '0', '2022-09-19 21:08:33', '2023-02-18 10:32:54');
INSERT INTO `t_sys_menu` (`id`, `menu_module_id`, `name`, `parent_id`, `tips`, `url`, `menu_level`, `menu_ord`, `menu_type`, `icon_class`, `description`, `data_status`, `creator`, `modifier`, `gmt_create`, `gmt_modified`) VALUES ('202010101020', '2020', '角色查询', '20201010', '', '/account/role', '2', '2', '1', '', '', '1', '0', '0', '2022-09-19 21:08:45', '2023-02-18 10:33:02');
INSERT INTO `t_sys_menu` (`id`, `menu_module_id`, `name`, `parent_id`, `tips`, `url`, `menu_level`, `menu_ord`, `menu_type`, `icon_class`, `description`, `data_status`, `creator`, `modifier`, `gmt_create`, `gmt_modified`) VALUES ('202010201010', '2020', '操作日志', '20201020', '', '/logs/list', '2', '1', '1', '', '', '1', '0', '0', '2022-09-19 21:09:11', '2023-02-18 10:33:16');
INSERT INTO `t_sys_menu` (`id`, `menu_module_id`, `name`, `parent_id`, `tips`, `url`, `menu_level`, `menu_ord`, `menu_type`, `icon_class`, `description`, `data_status`, `creator`, `modifier`, `gmt_create`, `gmt_modified`) VALUES ('1602200880984612866', '1010', '首页', '0', '', '/', '1', '0', '0', 'iconfont icon-shouye', '', '1', '0', '0', '2022-12-12 15:17:12', '2023-02-23 11:34:13');
INSERT INTO `t_sys_menu` (`id`, `menu_module_id`, `name`, `parent_id`, `tips`, `url`, `menu_level`, `menu_ord`, `menu_type`, `icon_class`, `description`, `data_status`, `creator`, `modifier`, `gmt_create`, `gmt_modified`) VALUES ('1602201213072826369', '1010', '实时概况', '1602200880984612866', '', '/home/statistics', '2', '0', '0', '', '', '1', '0', '0', '2022-12-12 15:18:31', '2022-12-12 15:18:31');
INSERT INTO `t_sys_menu` (`id`, `menu_module_id`, `name`, `parent_id`, `tips`, `url`, `menu_level`, `menu_ord`, `menu_type`, `icon_class`, `description`, `data_status`, `creator`, `modifier`, `gmt_create`, `gmt_modified`) VALUES ('1602201834597376001', '1010', '账户设置', '1602200880984612866', '', '/home/account/set', '2', '0', '0', '', '', '1', '0', '0', '2022-12-12 15:20:59', '2022-12-12 15:20:59');
INSERT INTO `t_sys_menu` (`id`, `menu_module_id`, `name`, `parent_id`, `tips`, `url`, `menu_level`, `menu_ord`, `menu_type`, `icon_class`, `description`, `data_status`, `creator`, `modifier`, `gmt_create`, `gmt_modified`) VALUES ('1602491228386439169', '1010', '商家号', '0', '', '/merchant', '1', '0', '0', '', '', '1', '0', '0', '2022-12-13 10:30:56', '2022-12-13 10:30:56');
INSERT INTO `t_sys_menu` (`id`, `menu_module_id`, `name`, `parent_id`, `tips`, `url`, `menu_level`, `menu_ord`, `menu_type`, `icon_class`, `description`, `data_status`, `creator`, `modifier`, `gmt_create`, `gmt_modified`) VALUES ('1602492099249778689', '1010', '商家账号', '1602491228386439169', '', '/merchant/account', '2', '0', '0', '', '', '1', '0', '0', '2022-12-13 10:34:24', '2022-12-13 10:34:24');
INSERT INTO `t_sys_menu` (`id`, `menu_module_id`, `name`, `parent_id`, `tips`, `url`, `menu_level`, `menu_ord`, `menu_type`, `icon_class`, `description`, `data_status`, `creator`, `modifier`, `gmt_create`, `gmt_modified`) VALUES ('1602496278299095041', '1010', '店铺', '0', '', '/shop', '1', '0', '0', '', '', '1', '0', '0', '2022-12-13 10:51:00', '2022-12-13 10:51:00');
INSERT INTO `t_sys_menu` (`id`, `menu_module_id`, `name`, `parent_id`, `tips`, `url`, `menu_level`, `menu_ord`, `menu_type`, `icon_class`, `description`, `data_status`, `creator`, `modifier`, `gmt_create`, `gmt_modified`) VALUES ('1602496614992654338', '1010', '店铺列表', '1602496278299095041', '', '/shop/list', '2', '0', '0', '', '', '1', '0', '0', '2022-12-13 10:52:21', '2022-12-13 10:52:21');
INSERT INTO `t_sys_menu` (`id`, `menu_module_id`, `name`, `parent_id`, `tips`, `url`, `menu_level`, `menu_ord`, `menu_type`, `icon_class`, `description`, `data_status`, `creator`, `modifier`, `gmt_create`, `gmt_modified`) VALUES ('1602496884468297730', '1010', '店铺设置', '1602496278299095041', '', '/shop/setting', '2', '0', '0', '', '', '1', '0', '0', '2022-12-13 10:53:25', '2022-12-13 10:53:25');
INSERT INTO `t_sys_menu` (`id`, `menu_module_id`, `name`, `parent_id`, `tips`, `url`, `menu_level`, `menu_ord`, `menu_type`, `icon_class`, `description`, `data_status`, `creator`, `modifier`, `gmt_create`, `gmt_modified`) VALUES ('1602497126659993601', '1010', '商品规范', '1602496884468297730', '', '/shop/setting/standard', '3', '0', '0', '', '', '1', '0', '0', '2022-12-13 10:54:23', '2022-12-13 10:54:23');
INSERT INTO `t_sys_menu` (`id`, `menu_module_id`, `name`, `parent_id`, `tips`, `url`, `menu_level`, `menu_ord`, `menu_type`, `icon_class`, `description`, `data_status`, `creator`, `modifier`, `gmt_create`, `gmt_modified`) VALUES ('1602497295346511873', '1010', '交易设置', '1602496884468297730', '', '/shop/setting/deal', '3', '0', '0', '', '', '1', '0', '0', '2022-12-13 10:55:03', '2022-12-13 10:55:03');
INSERT INTO `t_sys_menu` (`id`, `menu_module_id`, `name`, `parent_id`, `tips`, `url`, `menu_level`, `menu_ord`, `menu_type`, `icon_class`, `description`, `data_status`, `creator`, `modifier`, `gmt_create`, `gmt_modified`) VALUES ('1602497434140225538', '1010', '结算设置', '1602496884468297730', '', '/shop/setting/statement', '3', '0', '0', '', '', '1', '0', '0', '2022-12-13 10:55:36', '2022-12-13 10:55:36');
INSERT INTO `t_sys_menu` (`id`, `menu_module_id`, `name`, `parent_id`, `tips`, `url`, `menu_level`, `menu_ord`, `menu_type`, `icon_class`, `description`, `data_status`, `creator`, `modifier`, `gmt_create`, `gmt_modified`) VALUES ('1602502820540919809', '1010', '商品', '0', '', '/goods', '1', '0', '0', '', '', '1', '0', '0', '2022-12-13 11:17:00', '2022-12-13 11:17:00');
INSERT INTO `t_sys_menu` (`id`, `menu_module_id`, `name`, `parent_id`, `tips`, `url`, `menu_level`, `menu_ord`, `menu_type`, `icon_class`, `description`, `data_status`, `creator`, `modifier`, `gmt_create`, `gmt_modified`) VALUES ('1602502930339409921', '1010', '商品列表', '1602502820540919809', '', '/goods/list', '2', '0', '0', '', '', '1', '0', '0', '2022-12-13 11:17:26', '2022-12-13 11:17:26');
INSERT INTO `t_sys_menu` (`id`, `menu_module_id`, `name`, `parent_id`, `tips`, `url`, `menu_level`, `menu_ord`, `menu_type`, `icon_class`, `description`, `data_status`, `creator`, `modifier`, `gmt_create`, `gmt_modified`) VALUES ('1602503028171550721', '1010', '商品分类', '1602502820540919809', '', '/goods/category', '2', '0', '0', '', '', '1', '0', '0', '2022-12-13 11:17:50', '2022-12-13 11:17:50');
INSERT INTO `t_sys_menu` (`id`, `menu_module_id`, `name`, `parent_id`, `tips`, `url`, `menu_level`, `menu_ord`, `menu_type`, `icon_class`, `description`, `data_status`, `creator`, `modifier`, `gmt_create`, `gmt_modified`) VALUES ('1602503170039689217', '1010', '订单', '0', '', '/order', '1', '0', '0', '', '', '1', '0', '0', '2022-12-13 11:18:23', '2022-12-13 11:18:23');
INSERT INTO `t_sys_menu` (`id`, `menu_module_id`, `name`, `parent_id`, `tips`, `url`, `menu_level`, `menu_ord`, `menu_type`, `icon_class`, `description`, `data_status`, `creator`, `modifier`, `gmt_create`, `gmt_modified`) VALUES ('1602503294669238274', '1010', '订单查询', '1602503170039689217', '', '/order/list', '2', '0', '0', '', '', '1', '0', '0', '2022-12-13 11:18:53', '2022-12-13 11:18:53');
INSERT INTO `t_sys_menu` (`id`, `menu_module_id`, `name`, `parent_id`, `tips`, `url`, `menu_level`, `menu_ord`, `menu_type`, `icon_class`, `description`, `data_status`, `creator`, `modifier`, `gmt_create`, `gmt_modified`) VALUES ('1602503399795273729', '1010', '售后查询', '1602503170039689217', '', '/order/aftersale', '2', '0', '0', '', '', '1', '0', '0', '2022-12-13 11:19:18', '2022-12-13 11:19:18');
INSERT INTO `t_sys_menu` (`id`, `menu_module_id`, `name`, `parent_id`, `tips`, `url`, `menu_level`, `menu_ord`, `menu_type`, `icon_class`, `description`, `data_status`, `creator`, `modifier`, `gmt_create`, `gmt_modified`) VALUES ('1602503492233539585', '1010', '投诉管理', '1602503170039689217', '', '/order/complaint', '2', '0', '0', '', '', '1', '0', '0', '2022-12-13 11:19:40', '2022-12-13 11:19:40');
INSERT INTO `t_sys_menu` (`id`, `menu_module_id`, `name`, `parent_id`, `tips`, `url`, `menu_level`, `menu_ord`, `menu_type`, `icon_class`, `description`, `data_status`, `creator`, `modifier`, `gmt_create`, `gmt_modified`) VALUES ('1602503684034867201', '1010', '运营', '0', '', '/operation', '1', '0', '0', '', '', '1', '0', '0', '2022-12-13 11:20:26', '2022-12-13 11:20:26');
INSERT INTO `t_sys_menu` (`id`, `menu_module_id`, `name`, `parent_id`, `tips`, `url`, `menu_level`, `menu_ord`, `menu_type`, `icon_class`, `description`, `data_status`, `creator`, `modifier`, `gmt_create`, `gmt_modified`) VALUES ('1602503799223037954', '1010', '回流优惠券', '1602503684034867201', '', '/operation/back', '2', '0', '0', '', '', '1', '0', '0', '2022-12-13 11:20:53', '2022-12-13 11:20:53');
INSERT INTO `t_sys_menu` (`id`, `menu_module_id`, `name`, `parent_id`, `tips`, `url`, `menu_level`, `menu_ord`, `menu_type`, `icon_class`, `description`, `data_status`, `creator`, `modifier`, `gmt_create`, `gmt_modified`) VALUES ('1602503886305177601', '1010', '立减券', '1602503684034867201', '', '/operation/discount', '2', '0', '0', '', '', '1', '0', '0', '2022-12-13 11:21:14', '2022-12-13 11:21:14');
INSERT INTO `t_sys_menu` (`id`, `menu_module_id`, `name`, `parent_id`, `tips`, `url`, `menu_level`, `menu_ord`, `menu_type`, `icon_class`, `description`, `data_status`, `creator`, `modifier`, `gmt_create`, `gmt_modified`) VALUES ('1602503999253590018', '1010', '平台优惠券', '1602503684034867201', '', '/operation/platform', '2', '0', '0', '', '', '1', '0', '0', '2022-12-13 11:21:41', '2022-12-13 11:21:41');
INSERT INTO `t_sys_menu` (`id`, `menu_module_id`, `name`, `parent_id`, `tips`, `url`, `menu_level`, `menu_ord`, `menu_type`, `icon_class`, `description`, `data_status`, `creator`, `modifier`, `gmt_create`, `gmt_modified`) VALUES ('1602504121051983873', '1010', '平台优惠券配置', '1602503684034867201', '', '/operation/coupon/config', '2', '0', '0', '', '', '1', '0', '0', '2022-12-13 11:22:10', '2022-12-13 11:22:10');
INSERT INTO `t_sys_menu` (`id`, `menu_module_id`, `name`, `parent_id`, `tips`, `url`, `menu_level`, `menu_ord`, `menu_type`, `icon_class`, `description`, `data_status`, `creator`, `modifier`, `gmt_create`, `gmt_modified`) VALUES ('1602504410081472514', '1010', '小程序', '0', '', '/applet', '1', '0', '0', '', '', '1', '0', '0', '2022-12-13 11:23:19', '2022-12-13 11:23:19');
INSERT INTO `t_sys_menu` (`id`, `menu_module_id`, `name`, `parent_id`, `tips`, `url`, `menu_level`, `menu_ord`, `menu_type`, `icon_class`, `description`, `data_status`, `creator`, `modifier`, `gmt_create`, `gmt_modified`) VALUES ('1602504514796466177', '1010', '装修配置', '1602504410081472514', '', '/applet/config', '2', '0', '0', '', '', '1', '0', '0', '2022-12-13 11:23:44', '2022-12-13 11:23:44');
INSERT INTO `t_sys_menu` (`id`, `menu_module_id`, `name`, `parent_id`, `tips`, `url`, `menu_level`, `menu_ord`, `menu_type`, `icon_class`, `description`, `data_status`, `creator`, `modifier`, `gmt_create`, `gmt_modified`) VALUES ('1602504778945343489', '1010', '小程序装修', '1602504514796466177', '', '/applet/config/fitment', '3', '0', '0', '', '', '1', '0', '0', '2022-12-13 11:24:47', '2022-12-13 11:24:47');
INSERT INTO `t_sys_menu` (`id`, `menu_module_id`, `name`, `parent_id`, `tips`, `url`, `menu_level`, `menu_ord`, `menu_type`, `icon_class`, `description`, `data_status`, `creator`, `modifier`, `gmt_create`, `gmt_modified`) VALUES ('1602504911191748610', '1010', '页面类目表', '1602504514796466177', '', '/applet/config/category', '3', '0', '0', '', '', '1', '0', '0', '2022-12-13 11:25:19', '2022-12-13 11:25:19');
INSERT INTO `t_sys_menu` (`id`, `menu_module_id`, `name`, `parent_id`, `tips`, `url`, `menu_level`, `menu_ord`, `menu_type`, `icon_class`, `description`, `data_status`, `creator`, `modifier`, `gmt_create`, `gmt_modified`) VALUES ('1602505119166312449', '1010', '商品配置', '1602504514796466177', '', '/applet/goods/config', '3', '0', '0', '', '', '1', '0', '0', '2022-12-13 11:26:08', '2022-12-13 11:26:08');
INSERT INTO `t_sys_menu` (`id`, `menu_module_id`, `name`, `parent_id`, `tips`, `url`, `menu_level`, `menu_ord`, `menu_type`, `icon_class`, `description`, `data_status`, `creator`, `modifier`, `gmt_create`, `gmt_modified`) VALUES ('1602505246308249602', '1010', '设置', '0', '', '/set', '1', '0', '0', '', '', '1', '0', '0', '2022-12-13 11:26:38', '2022-12-13 11:26:38');
INSERT INTO `t_sys_menu` (`id`, `menu_module_id`, `name`, `parent_id`, `tips`, `url`, `menu_level`, `menu_ord`, `menu_type`, `icon_class`, `description`, `data_status`, `creator`, `modifier`, `gmt_create`, `gmt_modified`) VALUES ('1602505341669945346', '1010', '站点设置', '1602505246308249602', '', '/set/site', '2', '0', '0', '', '', '1', '0', '0', '2022-12-13 11:27:01', '2022-12-13 11:27:01');
INSERT INTO `t_sys_menu` (`id`, `menu_module_id`, `name`, `parent_id`, `tips`, `url`, `menu_level`, `menu_ord`, `menu_type`, `icon_class`, `description`, `data_status`, `creator`, `modifier`, `gmt_create`, `gmt_modified`) VALUES ('1602505424838799361', '1010', '支付商户号设置', '1602505246308249602', '', '/set/payConfig', '2', '0', '0', '', '', '1', '0', '0', '2022-12-13 11:27:21', '2022-12-13 11:27:21');
INSERT INTO `t_sys_menu` (`id`, `menu_module_id`, `name`, `parent_id`, `tips`, `url`, `menu_level`, `menu_ord`, `menu_type`, `icon_class`, `description`, `data_status`, `creator`, `modifier`, `gmt_create`, `gmt_modified`) VALUES ('1602505538475077634', '1010', '政策协议', '1602505246308249602', '', '/set/privacy', '2', '0', '0', '', '', '1', '0', '0', '2022-12-13 11:27:48', '2022-12-13 11:27:48');
INSERT INTO `t_sys_menu` (`id`, `menu_module_id`, `name`, `parent_id`, `tips`, `url`, `menu_level`, `menu_ord`, `menu_type`, `icon_class`, `description`, `data_status`, `creator`, `modifier`, `gmt_create`, `gmt_modified`) VALUES ('1602508012506263554', '1010', '权限', '0', '', '/permission', '1', '0', '0', '', '', '1', '0', '0', '2022-12-13 11:37:38', '2022-12-13 11:37:38');
INSERT INTO `t_sys_menu` (`id`, `menu_module_id`, `name`, `parent_id`, `tips`, `url`, `menu_level`, `menu_ord`, `menu_type`, `icon_class`, `description`, `data_status`, `creator`, `modifier`, `gmt_create`, `gmt_modified`) VALUES ('1602508111110156290', '1010', '用户管理', '1602508012506263554', '', '/permission/user/list', '2', '0', '0', '', '', '1', '0', '0', '2022-12-13 11:38:02', '2022-12-13 11:38:02');
INSERT INTO `t_sys_menu` (`id`, `menu_module_id`, `name`, `parent_id`, `tips`, `url`, `menu_level`, `menu_ord`, `menu_type`, `icon_class`, `description`, `data_status`, `creator`, `modifier`, `gmt_create`, `gmt_modified`) VALUES ('1602508211236581378', '1010', '角色管理', '1602508012506263554', '', '/permission/role/list', '2', '0', '0', '', '', '1', '0', '0', '2022-12-13 11:38:25', '2022-12-13 11:38:25');
INSERT INTO `t_sys_menu` (`id`, `menu_module_id`, `name`, `parent_id`, `tips`, `url`, `menu_level`, `menu_ord`, `menu_type`, `icon_class`, `description`, `data_status`, `creator`, `modifier`, `gmt_create`, `gmt_modified`) VALUES ('1602508302630465538', '1010', '权限管理', '1602508012506263554', '', '/permission/privilege', '2', '0', '0', '', '', '1', '0', '0', '2022-12-13 11:38:47', '2022-12-13 11:38:47');
INSERT INTO `t_sys_menu` (`id`, `menu_module_id`, `name`, `parent_id`, `tips`, `url`, `menu_level`, `menu_ord`, `menu_type`, `icon_class`, `description`, `data_status`, `creator`, `modifier`, `gmt_create`, `gmt_modified`) VALUES ('1602508380766154753', '1010', '模块管理', '1602508012506263554', '', '/permission/module', '2', '0', '0', '', '', '1', '0', '0', '2022-12-13 11:39:06', '2022-12-13 11:39:06');
INSERT INTO `t_sys_menu` (`id`, `menu_module_id`, `name`, `parent_id`, `tips`, `url`, `menu_level`, `menu_ord`, `menu_type`, `icon_class`, `description`, `data_status`, `creator`, `modifier`, `gmt_create`, `gmt_modified`) VALUES ('1602508491822936066', '1010', '菜单管理', '1602508012506263554', '', '/permission/menu', '2', '0', '0', '', '', '1', '0', '0', '2022-12-13 11:39:32', '2022-12-13 11:39:32');
INSERT INTO `t_sys_menu` (`id`, `menu_module_id`, `name`, `parent_id`, `tips`, `url`, `menu_level`, `menu_ord`, `menu_type`, `icon_class`, `description`, `data_status`, `creator`, `modifier`, `gmt_create`, `gmt_modified`) VALUES ('1625039413373698050', '1010', '财务', '0', '', '/finance', '1', '0', '0', '', '', '1', '0', '0', '2023-02-13 15:49:23', '2023-02-13 15:49:23');
INSERT INTO `t_sys_menu` (`id`, `menu_module_id`, `name`, `parent_id`, `tips`, `url`, `menu_level`, `menu_ord`, `menu_type`, `icon_class`, `description`, `data_status`, `creator`, `modifier`, `gmt_create`, `gmt_modified`) VALUES ('1625039557737447425', '1010', '财务概况', '1625039413373698050', '', '/finance/shopStat', '2', '0', '0', '', '', '1', '0', '0', '2023-02-13 15:49:57', '2023-02-13 15:49:57');
INSERT INTO `t_sys_menu` (`id`, `menu_module_id`, `name`, `parent_id`, `tips`, `url`, `menu_level`, `menu_ord`, `menu_type`, `icon_class`, `description`, `data_status`, `creator`, `modifier`, `gmt_create`, `gmt_modified`) VALUES ('1625039672556519426', '1010', '交易订单对账', '1625039413373698050', '', '/finance/withdraw', '2', '0', '0', '', '', '1', '0', '0', '2023-02-13 15:50:24', '2023-02-13 15:50:24');
INSERT INTO `t_sys_menu` (`id`, `menu_module_id`, `name`, `parent_id`, `tips`, `url`, `menu_level`, `menu_ord`, `menu_type`, `icon_class`, `description`, `data_status`, `creator`, `modifier`, `gmt_create`, `gmt_modified`) VALUES ('1625040342202318849', '1010', '统计', '0', '', '/stat', '1', '0', '0', '', '', '1', '0', '0', '2023-02-13 15:53:04', '2023-02-13 15:53:04');
INSERT INTO `t_sys_menu` (`id`, `menu_module_id`, `name`, `parent_id`, `tips`, `url`, `menu_level`, `menu_ord`, `menu_type`, `icon_class`, `description`, `data_status`, `creator`, `modifier`, `gmt_create`, `gmt_modified`) VALUES ('1625040720138469377', '1010', '销售统计', '1625040342202318849', '', '/stat/sale', '2', '0', '0', '', '', '1', '0', '0', '2023-02-13 15:54:34', '2023-02-13 15:54:34');
INSERT INTO `t_sys_menu` (`id`, `menu_module_id`, `name`, `parent_id`, `tips`, `url`, `menu_level`, `menu_ord`, `menu_type`, `icon_class`, `description`, `data_status`, `creator`, `modifier`, `gmt_create`, `gmt_modified`) VALUES ('1625040805945540609', '1010', '退款统计', '1625040342202318849', '', '/stat/refund', '2', '0', '0', '', '', '1', '0', '0', '2023-02-13 15:54:55', '2023-02-13 15:54:55');
INSERT INTO `t_sys_menu` (`id`, `menu_module_id`, `name`, `parent_id`, `tips`, `url`, `menu_level`, `menu_ord`, `menu_type`, `icon_class`, `description`, `data_status`, `creator`, `modifier`, `gmt_create`, `gmt_modified`) VALUES ('1625040900808114178', '1010', '流量统计', '1625040342202318849', '', '/stat/flow', '2', '0', '0', '', '', '1', '0', '0', '2023-02-13 15:55:17', '2023-02-13 15:55:17');
INSERT INTO `t_sys_menu` (`id`, `menu_module_id`, `name`, `parent_id`, `tips`, `url`, `menu_level`, `menu_ord`, `menu_type`, `icon_class`, `description`, `data_status`, `creator`, `modifier`, `gmt_create`, `gmt_modified`) VALUES ('1628602101592887298', '1010', '批量发货', '1602503170039689217', '', '/order/batch/delivery', '2', '0', '0', '', '', '1', '0', '0', '2023-02-23 11:46:14', '2023-02-23 11:46:14');

-- 权限
INSERT INTO `t_sys_perm` (`id`, `number`, `name`, `is_preset`, `description`, `data_status`, `creator`, `modifier`, `gmt_create`, `gmt_modified`) VALUES ('1001', 'query', '查询', '1', '', '1', '0', '0', '2022-09-18 00:00:00', '2023-02-23 09:39:59');
INSERT INTO `t_sys_perm` (`id`, `number`, `name`, `is_preset`, `description`, `data_status`, `creator`, `modifier`, `gmt_create`, `gmt_modified`) VALUES ('1002', 'add', '新增', '1', '', '1', '0', '0', '2022-09-18 00:00:00', '2023-02-23 09:40:12');
INSERT INTO `t_sys_perm` (`id`, `number`, `name`, `is_preset`, `description`, `data_status`, `creator`, `modifier`, `gmt_create`, `gmt_modified`) VALUES ('1003', 'edit', '修改', '1', '', '1', '0', '0', '2022-09-18 00:00:00', '2023-02-23 09:40:27');
INSERT INTO `t_sys_perm` (`id`, `number`, `name`, `is_preset`, `description`, `data_status`, `creator`, `modifier`, `gmt_create`, `gmt_modified`) VALUES ('1004', 'delete', '删除', '1', '', '1', '0', '0', '2022-09-18 00:00:00', '2023-02-23 09:40:34');
INSERT INTO `t_sys_perm` (`id`, `number`, `name`, `is_preset`, `description`, `data_status`, `creator`, `modifier`, `gmt_create`, `gmt_modified`) VALUES ('1005', 'import', '导入', '1', '', '1', '0', '0', '2022-09-18 00:00:00', '2023-02-23 09:40:47');
INSERT INTO `t_sys_perm` (`id`, `number`, `name`, `is_preset`, `description`, `data_status`, `creator`, `modifier`, `gmt_create`, `gmt_modified`) VALUES ('1624716866941775873', 'account:update', '账户信息更新', '0', '', '1', '0', '0', '2023-02-12 18:27:42', '2023-02-12 18:27:42');
INSERT INTO `t_sys_perm` (`id`, `number`, `name`, `is_preset`, `description`, `data_status`, `creator`, `modifier`, `gmt_create`, `gmt_modified`) VALUES ('1628570650600148993', 'disabled', '禁用', '1', '', '1', '0', '0', '2023-02-23 09:41:15', '2023-02-23 09:41:15');
INSERT INTO `t_sys_perm` (`id`, `number`, `name`, `is_preset`, `description`, `data_status`, `creator`, `modifier`, `gmt_create`, `gmt_modified`) VALUES ('1628570847178788865', 'addshop', '商户账号-添加店铺', '1', '', '1', '0', '0', '2023-02-23 09:42:02', '2023-02-23 09:42:02');
INSERT INTO `t_sys_perm` (`id`, `number`, `name`, `is_preset`, `description`, `data_status`, `creator`, `modifier`, `gmt_create`, `gmt_modified`) VALUES ('1628570977898467329', 'detail', '查看详情', '1', '', '1', '0', '0', '2023-02-23 09:42:33', '2023-02-23 10:24:07');
INSERT INTO `t_sys_perm` (`id`, `number`, `name`, `is_preset`, `description`, `data_status`, `creator`, `modifier`, `gmt_create`, `gmt_modified`) VALUES ('1628571117044502529', 'close', '关闭', '1', '', '1', '0', '0', '2023-02-23 09:43:06', '2023-02-23 09:43:06');
INSERT INTO `t_sys_perm` (`id`, `number`, `name`, `is_preset`, `description`, `data_status`, `creator`, `modifier`, `gmt_create`, `gmt_modified`) VALUES ('1628571493139353602', 'updateWxPayAppId', '更换微信支付商户号', '1', '', '1', '0', '0', '2023-02-23 09:44:36', '2023-02-23 09:44:36');
INSERT INTO `t_sys_perm` (`id`, `number`, `name`, `is_preset`, `description`, `data_status`, `creator`, `modifier`, `gmt_create`, `gmt_modified`) VALUES ('1628571829220544513', 'wxServiceLink', '企业微信客服链接', '1', '', '1', '0', '0', '2023-02-23 09:45:56', '2023-02-23 09:45:56');
INSERT INTO `t_sys_perm` (`id`, `number`, `name`, `is_preset`, `description`, `data_status`, `creator`, `modifier`, `gmt_create`, `gmt_modified`) VALUES ('1628571921713336321', 'open', '开启', '1', '', '1', '0', '0', '2023-02-23 09:46:18', '2023-02-23 09:46:18');
INSERT INTO `t_sys_perm` (`id`, `number`, `name`, `is_preset`, `description`, `data_status`, `creator`, `modifier`, `gmt_create`, `gmt_modified`) VALUES ('1628572471360098306', 'handleAfterSale', '处理售后', '1', '', '1', '0', '0', '2023-02-23 09:48:29', '2023-02-23 09:48:29');
INSERT INTO `t_sys_perm` (`id`, `number`, `name`, `is_preset`, `description`, `data_status`, `creator`, `modifier`, `gmt_create`, `gmt_modified`) VALUES ('1628572661232046082', 'downloadFile', '下载导入文件', '1', '', '1', '0', '0', '2023-02-23 09:49:15', '2023-02-23 09:49:15');
INSERT INTO `t_sys_perm` (`id`, `number`, `name`, `is_preset`, `description`, `data_status`, `creator`, `modifier`, `gmt_create`, `gmt_modified`) VALUES ('1628572792966746114', 'couponData', '优惠券数据', '1', '', '1', '0', '0', '2023-02-23 09:49:46', '2023-02-23 09:49:46');
INSERT INTO `t_sys_perm` (`id`, `number`, `name`, `is_preset`, `description`, `data_status`, `creator`, `modifier`, `gmt_create`, `gmt_modified`) VALUES ('1628572961120587777', 'invalidation', '失效', '1', '', '1', '0', '0', '2023-02-23 09:50:26', '2023-02-23 09:50:26');
INSERT INTO `t_sys_perm` (`id`, `number`, `name`, `is_preset`, `description`, `data_status`, `creator`, `modifier`, `gmt_create`, `gmt_modified`) VALUES ('1628573095896158210', 'effect', '生效', '1', '', '1', '0', '0', '2023-02-23 09:50:58', '2023-02-23 09:50:58');
INSERT INTO `t_sys_perm` (`id`, `number`, `name`, `is_preset`, `description`, `data_status`, `creator`, `modifier`, `gmt_create`, `gmt_modified`) VALUES ('1628573190125391873', 'copy', '复制', '1', '', '1', '0', '0', '2023-02-23 09:51:21', '2023-02-23 09:51:21');
INSERT INTO `t_sys_perm` (`id`, `number`, `name`, `is_preset`, `description`, `data_status`, `creator`, `modifier`, `gmt_create`, `gmt_modified`) VALUES ('1628573251244789762', 'publish', '发布', '1', '', '1', '0', '0', '2023-02-23 09:51:35', '2023-02-23 09:51:35');
INSERT INTO `t_sys_perm` (`id`, `number`, `name`, `is_preset`, `description`, `data_status`, `creator`, `modifier`, `gmt_create`, `gmt_modified`) VALUES ('1628573483806363649', 'authRole', '角色授权', '1', '', '1', '0', '0', '2023-02-23 09:52:31', '2023-02-23 09:52:31');
INSERT INTO `t_sys_perm` (`id`, `number`, `name`, `is_preset`, `description`, `data_status`, `creator`, `modifier`, `gmt_create`, `gmt_modified`) VALUES ('1628573650408312833', 'configPrivilege', '配置权限', '1', '', '1', '0', '0', '2023-02-23 09:53:10', '2023-02-23 09:53:10');
INSERT INTO `t_sys_perm` (`id`, `number`, `name`, `is_preset`, `description`, `data_status`, `creator`, `modifier`, `gmt_create`, `gmt_modified`) VALUES ('1628574191645495298', 'operateAuth', '操作权限', '1', '', '1', '0', '0', '2023-02-23 09:55:19', '2023-02-23 09:55:19');
INSERT INTO `t_sys_perm` (`id`, `number`, `name`, `is_preset`, `description`, `data_status`, `creator`, `modifier`, `gmt_create`, `gmt_modified`) VALUES ('1628575604970754050', 'editLogistics', '修改物流', '1', '', '1', '0', '0', '2023-02-23 10:00:56', '2023-02-23 10:00:56');
INSERT INTO `t_sys_perm` (`id`, `number`, `name`, `is_preset`, `description`, `data_status`, `creator`, `modifier`, `gmt_create`, `gmt_modified`) VALUES ('1628575649942081538', 'remark', '备注', '1', '', '1', '0', '0', '2023-02-23 10:01:07', '2023-02-23 10:01:07');
INSERT INTO `t_sys_perm` (`id`, `number`, `name`, `is_preset`, `description`, `data_status`, `creator`, `modifier`, `gmt_create`, `gmt_modified`) VALUES ('1628575971045412866', 'importFile', '导入文件', '1', '', '1', '0', '0', '2023-02-23 10:02:24', '2023-02-23 10:02:24');
INSERT INTO `t_sys_perm` (`id`, `number`, `name`, `is_preset`, `description`, `data_status`, `creator`, `modifier`, `gmt_create`, `gmt_modified`) VALUES ('1628576086556545026', 'downloadTemplate', '下载模板', '1', '', '1', '0', '0', '2023-02-23 10:02:51', '2023-02-23 10:02:51');
INSERT INTO `t_sys_perm` (`id`, `number`, `name`, `is_preset`, `description`, `data_status`, `creator`, `modifier`, `gmt_create`, `gmt_modified`) VALUES ('1628576218027003905', 'soldOut', '下架', '1', '', '1', '0', '0', '2023-02-23 10:03:23', '2023-02-23 10:03:23');
INSERT INTO `t_sys_perm` (`id`, `number`, `name`, `is_preset`, `description`, `data_status`, `creator`, `modifier`, `gmt_create`, `gmt_modified`) VALUES ('1628576391616663554', 'putaway', '上架', '1', '', '1', '0', '0', '2023-02-23 10:04:04', '2023-02-23 10:04:04');
INSERT INTO `t_sys_perm` (`id`, `number`, `name`, `is_preset`, `description`, `data_status`, `creator`, `modifier`, `gmt_create`, `gmt_modified`) VALUES ('1628576558478659585', 'groundPage', '装修落地页', '1', '', '1', '0', '0', '2023-02-23 10:04:44', '2023-02-23 10:04:44');
INSERT INTO `t_sys_perm` (`id`, `number`, `name`, `is_preset`, `description`, `data_status`, `creator`, `modifier`, `gmt_create`, `gmt_modified`) VALUES ('1628576645447553025', 'leftSwipe', '左滑设置', '1', '', '1', '0', '0', '2023-02-23 10:05:04', '2023-02-23 10:05:04');
INSERT INTO `t_sys_perm` (`id`, `number`, `name`, `is_preset`, `description`, `data_status`, `creator`, `modifier`, `gmt_create`, `gmt_modified`) VALUES ('1628576804348760066', 'coupon', '商品券', '1', '', '1', '0', '0', '2023-02-23 10:05:42', '2023-02-23 10:05:42');
INSERT INTO `t_sys_perm` (`id`, `number`, `name`, `is_preset`, `description`, `data_status`, `creator`, `modifier`, `gmt_create`, `gmt_modified`) VALUES ('1628576855032729601', 'visit', '访问', '1', '', '1', '0', '0', '2023-02-23 10:05:54', '2023-02-23 10:05:54');
INSERT INTO `t_sys_perm` (`id`, `number`, `name`, `is_preset`, `description`, `data_status`, `creator`, `modifier`, `gmt_create`, `gmt_modified`) VALUES ('1628577009152430082', 'handleComplain', '处理投诉', '1', '', '1', '0', '0', '2023-02-23 10:06:31', '2023-02-23 10:06:31');
INSERT INTO `t_sys_perm` (`id`, `number`, `name`, `is_preset`, `description`, `data_status`, `creator`, `modifier`, `gmt_create`, `gmt_modified`) VALUES ('1628580743085428737', 'enable', '启用', '1', '', '1', '0', '0', '2023-02-23 10:21:21', '2023-02-23 10:21:21');
INSERT INTO `t_sys_perm` (`id`, `number`, `name`, `is_preset`, `description`, `data_status`, `creator`, `modifier`, `gmt_create`, `gmt_modified`) VALUES ('1628582262870511617', 'save', '提交保存', '1', '', '1', '0', '0', '2023-02-23 10:27:24', '2023-02-23 10:27:24');
INSERT INTO `t_sys_perm` (`id`, `number`, `name`, `is_preset`, `description`, `data_status`, `creator`, `modifier`, `gmt_create`, `gmt_modified`) VALUES ('1628584137950892034', 'searchLogistics', '查看物流', '1', '', '1', '0', '0', '2023-02-23 10:34:51', '2023-02-23 10:34:51');
INSERT INTO `t_sys_perm` (`id`, `number`, `name`, `is_preset`, `description`, `data_status`, `creator`, `modifier`, `gmt_create`, `gmt_modified`) VALUES ('1628588484520710145', 'cancel', '取消', '0', '', '1', '0', '0', '2023-02-23 10:52:07', '2023-02-23 10:52:07');
INSERT INTO `t_sys_perm` (`id`, `number`, `name`, `is_preset`, `description`, `data_status`, `creator`, `modifier`, `gmt_create`, `gmt_modified`) VALUES ('1628609767245484034', 'sendOut', '发货', '0', '', '1', '0', '0', '2023-02-23 12:16:41', '2023-02-23 12:16:41');

-- 菜单与权限项关联
INSERT INTO `t_sys_menu_perm` (`id`, `menu_id`, `perm_id`, `gmt_create`, `gmt_modified`) VALUES ('1628591984164081666', '1602508111110156290', '1002', '2023-02-23 11:06:01', '2023-02-23 11:06:01');
INSERT INTO `t_sys_menu_perm` (`id`, `menu_id`, `perm_id`, `gmt_create`, `gmt_modified`) VALUES ('1628591984180858882', '1602508111110156290', '1003', '2023-02-23 11:06:01', '2023-02-23 11:06:01');
INSERT INTO `t_sys_menu_perm` (`id`, `menu_id`, `perm_id`, `gmt_create`, `gmt_modified`) VALUES ('1628591984185053186', '1602508111110156290', '1004', '2023-02-23 11:06:01', '2023-02-23 11:06:01');
INSERT INTO `t_sys_menu_perm` (`id`, `menu_id`, `perm_id`, `gmt_create`, `gmt_modified`) VALUES ('1628591984189247490', '1602508111110156290', '1628573483806363649', '2023-02-23 11:06:01', '2023-02-23 11:06:01');
INSERT INTO `t_sys_menu_perm` (`id`, `menu_id`, `perm_id`, `gmt_create`, `gmt_modified`) VALUES ('1628593605354852353', '1602508211236581378', '1002', '2023-02-23 11:12:28', '2023-02-23 11:12:28');
INSERT INTO `t_sys_menu_perm` (`id`, `menu_id`, `perm_id`, `gmt_create`, `gmt_modified`) VALUES ('1628593605359046658', '1602508211236581378', '1003', '2023-02-23 11:12:28', '2023-02-23 11:12:28');
INSERT INTO `t_sys_menu_perm` (`id`, `menu_id`, `perm_id`, `gmt_create`, `gmt_modified`) VALUES ('1628593605363240961', '1602508211236581378', '1004', '2023-02-23 11:12:28', '2023-02-23 11:12:28');
INSERT INTO `t_sys_menu_perm` (`id`, `menu_id`, `perm_id`, `gmt_create`, `gmt_modified`) VALUES ('1628593605375823874', '1602508211236581378', '1628573650408312833', '2023-02-23 11:12:28', '2023-02-23 11:12:28');
INSERT INTO `t_sys_menu_perm` (`id`, `menu_id`, `perm_id`, `gmt_create`, `gmt_modified`) VALUES ('1628596185355128833', '1602508302630465538', '1002', '2023-02-23 11:22:43', '2023-02-23 11:22:43');
INSERT INTO `t_sys_menu_perm` (`id`, `menu_id`, `perm_id`, `gmt_create`, `gmt_modified`) VALUES ('1628596185363517442', '1602508302630465538', '1003', '2023-02-23 11:22:43', '2023-02-23 11:22:43');
INSERT INTO `t_sys_menu_perm` (`id`, `menu_id`, `perm_id`, `gmt_create`, `gmt_modified`) VALUES ('1628596185363517443', '1602508302630465538', '1004', '2023-02-23 11:22:43', '2023-02-23 11:22:43');
INSERT INTO `t_sys_menu_perm` (`id`, `menu_id`, `perm_id`, `gmt_create`, `gmt_modified`) VALUES ('1628597649909616641', '1602508380766154753', '1002', '2023-02-23 11:28:32', '2023-02-23 11:28:32');
INSERT INTO `t_sys_menu_perm` (`id`, `menu_id`, `perm_id`, `gmt_create`, `gmt_modified`) VALUES ('1628597649913810946', '1602508380766154753', '1003', '2023-02-23 11:28:32', '2023-02-23 11:28:32');
INSERT INTO `t_sys_menu_perm` (`id`, `menu_id`, `perm_id`, `gmt_create`, `gmt_modified`) VALUES ('1628597649913810947', '1602508380766154753', '1004', '2023-02-23 11:28:32', '2023-02-23 11:28:32');
INSERT INTO `t_sys_menu_perm` (`id`, `menu_id`, `perm_id`, `gmt_create`, `gmt_modified`) VALUES ('1628597710441811969', '1602508491822936066', '1002', '2023-02-23 11:28:47', '2023-02-23 11:28:47');
INSERT INTO `t_sys_menu_perm` (`id`, `menu_id`, `perm_id`, `gmt_create`, `gmt_modified`) VALUES ('1628597710446006273', '1602508491822936066', '1003', '2023-02-23 11:28:47', '2023-02-23 11:28:47');
INSERT INTO `t_sys_menu_perm` (`id`, `menu_id`, `perm_id`, `gmt_create`, `gmt_modified`) VALUES ('1628597710450200578', '1602508491822936066', '1004', '2023-02-23 11:28:47', '2023-02-23 11:28:47');
INSERT INTO `t_sys_menu_perm` (`id`, `menu_id`, `perm_id`, `gmt_create`, `gmt_modified`) VALUES ('1628597710450200579', '1602508491822936066', '1628574191645495298', '2023-02-23 11:28:47', '2023-02-23 11:28:47');
INSERT INTO `t_sys_menu_perm` (`id`, `menu_id`, `perm_id`, `gmt_create`, `gmt_modified`) VALUES ('1628598108145717250', '1602201834597376001', '1624716866941775873', '2023-02-23 11:30:22', '2023-02-23 11:30:22');
INSERT INTO `t_sys_menu_perm` (`id`, `menu_id`, `perm_id`, `gmt_create`, `gmt_modified`) VALUES ('1628598564662153217', '1602492099249778689', '1002', '2023-02-23 11:32:10', '2023-02-23 11:32:10');
INSERT INTO `t_sys_menu_perm` (`id`, `menu_id`, `perm_id`, `gmt_create`, `gmt_modified`) VALUES ('1628598564687319041', '1602492099249778689', '1003', '2023-02-23 11:32:10', '2023-02-23 11:32:10');
INSERT INTO `t_sys_menu_perm` (`id`, `menu_id`, `perm_id`, `gmt_create`, `gmt_modified`) VALUES ('1628598564691513345', '1602492099249778689', '1004', '2023-02-23 11:32:10', '2023-02-23 11:32:10');
INSERT INTO `t_sys_menu_perm` (`id`, `menu_id`, `perm_id`, `gmt_create`, `gmt_modified`) VALUES ('1628598564691513346', '1602492099249778689', '1628570650600148993', '2023-02-23 11:32:10', '2023-02-23 11:32:10');
INSERT INTO `t_sys_menu_perm` (`id`, `menu_id`, `perm_id`, `gmt_create`, `gmt_modified`) VALUES ('1628598564695707649', '1602492099249778689', '1628570847178788865', '2023-02-23 11:32:10', '2023-02-23 11:32:10');
INSERT INTO `t_sys_menu_perm` (`id`, `menu_id`, `perm_id`, `gmt_create`, `gmt_modified`) VALUES ('1628598564695707650', '1602492099249778689', '1628580743085428737', '2023-02-23 11:32:10', '2023-02-23 11:32:10');
INSERT INTO `t_sys_menu_perm` (`id`, `menu_id`, `perm_id`, `gmt_create`, `gmt_modified`) VALUES ('1628599232026251265', '1602496614992654338', '1628570977898467329', '2023-02-23 11:34:49', '2023-02-23 11:34:49');
INSERT INTO `t_sys_menu_perm` (`id`, `menu_id`, `perm_id`, `gmt_create`, `gmt_modified`) VALUES ('1628599232034639873', '1602496614992654338', '1628571117044502529', '2023-02-23 11:34:49', '2023-02-23 11:34:49');
INSERT INTO `t_sys_menu_perm` (`id`, `menu_id`, `perm_id`, `gmt_create`, `gmt_modified`) VALUES ('1628599232034639874', '1602496614992654338', '1628571921713336321', '2023-02-23 11:34:49', '2023-02-23 11:34:49');
INSERT INTO `t_sys_menu_perm` (`id`, `menu_id`, `perm_id`, `gmt_create`, `gmt_modified`) VALUES ('1628599232038834177', '1602496614992654338', '1628571829220544513', '2023-02-23 11:34:49', '2023-02-23 11:34:49');
INSERT INTO `t_sys_menu_perm` (`id`, `menu_id`, `perm_id`, `gmt_create`, `gmt_modified`) VALUES ('1628599232038834178', '1602496614992654338', '1628571493139353602', '2023-02-23 11:34:49', '2023-02-23 11:34:49');
INSERT INTO `t_sys_menu_perm` (`id`, `menu_id`, `perm_id`, `gmt_create`, `gmt_modified`) VALUES ('1628599232043028481', '1602496614992654338', '1004', '2023-02-23 11:34:49', '2023-02-23 11:34:49');
INSERT INTO `t_sys_menu_perm` (`id`, `menu_id`, `perm_id`, `gmt_create`, `gmt_modified`) VALUES ('1628599535203127297', '1602497126659993601', '1628582262870511617', '2023-02-23 11:36:02', '2023-02-23 11:36:02');
INSERT INTO `t_sys_menu_perm` (`id`, `menu_id`, `perm_id`, `gmt_create`, `gmt_modified`) VALUES ('1628599558955470849', '1602497295346511873', '1628582262870511617', '2023-02-23 11:36:07', '2023-02-23 11:36:07');
INSERT INTO `t_sys_menu_perm` (`id`, `menu_id`, `perm_id`, `gmt_create`, `gmt_modified`) VALUES ('1628599580946206722', '1602497434140225538', '1628582262870511617', '2023-02-23 11:36:13', '2023-02-23 11:36:13');
INSERT INTO `t_sys_menu_perm` (`id`, `menu_id`, `perm_id`, `gmt_create`, `gmt_modified`) VALUES ('1628599951580073986', '1602502930339409921', '1628570977898467329', '2023-02-23 11:37:41', '2023-02-23 11:37:41');
INSERT INTO `t_sys_menu_perm` (`id`, `menu_id`, `perm_id`, `gmt_create`, `gmt_modified`) VALUES ('1628600120203677698', '1602503028171550721', '1002', '2023-02-23 11:38:21', '2023-02-23 11:38:21');
INSERT INTO `t_sys_menu_perm` (`id`, `menu_id`, `perm_id`, `gmt_create`, `gmt_modified`) VALUES ('1628600120207872001', '1602503028171550721', '1004', '2023-02-23 11:38:21', '2023-02-23 11:38:21');
INSERT INTO `t_sys_menu_perm` (`id`, `menu_id`, `perm_id`, `gmt_create`, `gmt_modified`) VALUES ('1628600120212066306', '1602503028171550721', '1003', '2023-02-23 11:38:21', '2023-02-23 11:38:21');
INSERT INTO `t_sys_menu_perm` (`id`, `menu_id`, `perm_id`, `gmt_create`, `gmt_modified`) VALUES ('1628601447193382914', '1602503294669238274', '1628584137950892034', '2023-02-23 11:43:38', '2023-02-23 11:43:38');
INSERT INTO `t_sys_menu_perm` (`id`, `menu_id`, `perm_id`, `gmt_create`, `gmt_modified`) VALUES ('1628601447197577218', '1602503294669238274', '1628570977898467329', '2023-02-23 11:43:38', '2023-02-23 11:43:38');
INSERT INTO `t_sys_menu_perm` (`id`, `menu_id`, `perm_id`, `gmt_create`, `gmt_modified`) VALUES ('1628601711057047553', '1602503399795273729', '1628572471360098306', '2023-02-23 11:44:41', '2023-02-23 11:44:41');
INSERT INTO `t_sys_menu_perm` (`id`, `menu_id`, `perm_id`, `gmt_create`, `gmt_modified`) VALUES ('1628601921543999490', '1602503492233539585', '1628570977898467329', '2023-02-23 11:45:31', '2023-02-23 11:45:31');
INSERT INTO `t_sys_menu_perm` (`id`, `menu_id`, `perm_id`, `gmt_create`, `gmt_modified`) VALUES ('1628601921552388097', '1602503492233539585', '1628577009152430082', '2023-02-23 11:45:31', '2023-02-23 11:45:31');
INSERT INTO `t_sys_menu_perm` (`id`, `menu_id`, `perm_id`, `gmt_create`, `gmt_modified`) VALUES ('1628602239853924353', '1628602101592887298', '1628575971045412866', '2023-02-23 11:46:47', '2023-02-23 11:46:47');
INSERT INTO `t_sys_menu_perm` (`id`, `menu_id`, `perm_id`, `gmt_create`, `gmt_modified`) VALUES ('1628602239862312962', '1628602101592887298', '1628576086556545026', '2023-02-23 11:46:47', '2023-02-23 11:46:47');
INSERT INTO `t_sys_menu_perm` (`id`, `menu_id`, `perm_id`, `gmt_create`, `gmt_modified`) VALUES ('1628602239862312963', '1628602101592887298', '1628572661232046082', '2023-02-23 11:46:47', '2023-02-23 11:46:47');
INSERT INTO `t_sys_menu_perm` (`id`, `menu_id`, `perm_id`, `gmt_create`, `gmt_modified`) VALUES ('1628602614690484226', '1602503799223037954', '1628572792966746114', '2023-02-23 11:48:16', '2023-02-23 11:48:16');
INSERT INTO `t_sys_menu_perm` (`id`, `menu_id`, `perm_id`, `gmt_create`, `gmt_modified`) VALUES ('1628602614698872834', '1602503799223037954', '1628572961120587777', '2023-02-23 11:48:16', '2023-02-23 11:48:16');
INSERT INTO `t_sys_menu_perm` (`id`, `menu_id`, `perm_id`, `gmt_create`, `gmt_modified`) VALUES ('1628602614698872835', '1602503799223037954', '1628573095896158210', '2023-02-23 11:48:16', '2023-02-23 11:48:16');
INSERT INTO `t_sys_menu_perm` (`id`, `menu_id`, `perm_id`, `gmt_create`, `gmt_modified`) VALUES ('1628602614698872836', '1602503799223037954', '1004', '2023-02-23 11:48:16', '2023-02-23 11:48:16');
INSERT INTO `t_sys_menu_perm` (`id`, `menu_id`, `perm_id`, `gmt_create`, `gmt_modified`) VALUES ('1628602667073146881', '1602503886305177601', '1004', '2023-02-23 11:48:28', '2023-02-23 11:48:28');
INSERT INTO `t_sys_menu_perm` (`id`, `menu_id`, `perm_id`, `gmt_create`, `gmt_modified`) VALUES ('1628602667077341186', '1602503886305177601', '1628572792966746114', '2023-02-23 11:48:28', '2023-02-23 11:48:28');
INSERT INTO `t_sys_menu_perm` (`id`, `menu_id`, `perm_id`, `gmt_create`, `gmt_modified`) VALUES ('1628602667081535489', '1602503886305177601', '1628572961120587777', '2023-02-23 11:48:28', '2023-02-23 11:48:28');
INSERT INTO `t_sys_menu_perm` (`id`, `menu_id`, `perm_id`, `gmt_create`, `gmt_modified`) VALUES ('1628602667089924097', '1602503886305177601', '1628573095896158210', '2023-02-23 11:48:28', '2023-02-23 11:48:28');
INSERT INTO `t_sys_menu_perm` (`id`, `menu_id`, `perm_id`, `gmt_create`, `gmt_modified`) VALUES ('1628602836174901249', '1602503999253590018', '1002', '2023-02-23 11:49:09', '2023-02-23 11:49:09');
INSERT INTO `t_sys_menu_perm` (`id`, `menu_id`, `perm_id`, `gmt_create`, `gmt_modified`) VALUES ('1628602836179095554', '1602503999253590018', '1004', '2023-02-23 11:49:09', '2023-02-23 11:49:09');
INSERT INTO `t_sys_menu_perm` (`id`, `menu_id`, `perm_id`, `gmt_create`, `gmt_modified`) VALUES ('1628602836183289857', '1602503999253590018', '1628572792966746114', '2023-02-23 11:49:09', '2023-02-23 11:49:09');
INSERT INTO `t_sys_menu_perm` (`id`, `menu_id`, `perm_id`, `gmt_create`, `gmt_modified`) VALUES ('1628602836183289858', '1602503999253590018', '1628572961120587777', '2023-02-23 11:49:09', '2023-02-23 11:49:09');
INSERT INTO `t_sys_menu_perm` (`id`, `menu_id`, `perm_id`, `gmt_create`, `gmt_modified`) VALUES ('1628602836187484161', '1602503999253590018', '1628573095896158210', '2023-02-23 11:49:09', '2023-02-23 11:49:09');
INSERT INTO `t_sys_menu_perm` (`id`, `menu_id`, `perm_id`, `gmt_create`, `gmt_modified`) VALUES ('1628602836187484162', '1602503999253590018', '1628573190125391873', '2023-02-23 11:49:09', '2023-02-23 11:49:09');
INSERT INTO `t_sys_menu_perm` (`id`, `menu_id`, `perm_id`, `gmt_create`, `gmt_modified`) VALUES ('1628602836187484163', '1602503999253590018', '1003', '2023-02-23 11:49:09', '2023-02-23 11:49:09');
INSERT INTO `t_sys_menu_perm` (`id`, `menu_id`, `perm_id`, `gmt_create`, `gmt_modified`) VALUES ('1628602836191678465', '1602503999253590018', '1628588484520710145', '2023-02-23 11:49:09', '2023-02-23 11:49:09');
INSERT INTO `t_sys_menu_perm` (`id`, `menu_id`, `perm_id`, `gmt_create`, `gmt_modified`) VALUES ('1628602836191678466', '1602503999253590018', '1628573251244789762', '2023-02-23 11:49:09', '2023-02-23 11:49:09');
INSERT INTO `t_sys_menu_perm` (`id`, `menu_id`, `perm_id`, `gmt_create`, `gmt_modified`) VALUES ('1628603189054279681', '1602504778945343489', '1628582262870511617', '2023-02-23 11:50:33', '2023-02-23 11:50:33');
INSERT INTO `t_sys_menu_perm` (`id`, `menu_id`, `perm_id`, `gmt_create`, `gmt_modified`) VALUES ('1628603231064428545', '1602504911191748610', '1002', '2023-02-23 11:50:43', '2023-02-23 11:50:43');
INSERT INTO `t_sys_menu_perm` (`id`, `menu_id`, `perm_id`, `gmt_create`, `gmt_modified`) VALUES ('1628603231072817153', '1602504911191748610', '1003', '2023-02-23 11:50:43', '2023-02-23 11:50:43');
INSERT INTO `t_sys_menu_perm` (`id`, `menu_id`, `perm_id`, `gmt_create`, `gmt_modified`) VALUES ('1628603231072817154', '1602504911191748610', '1004', '2023-02-23 11:50:43', '2023-02-23 11:50:43');
INSERT INTO `t_sys_menu_perm` (`id`, `menu_id`, `perm_id`, `gmt_create`, `gmt_modified`) VALUES ('1628603311284686849', '1602505119166312449', '1002', '2023-02-23 11:51:02', '2023-02-23 11:51:02');
INSERT INTO `t_sys_menu_perm` (`id`, `menu_id`, `perm_id`, `gmt_create`, `gmt_modified`) VALUES ('1628603311288881153', '1602505119166312449', '1004', '2023-02-23 11:51:02', '2023-02-23 11:51:02');
INSERT INTO `t_sys_menu_perm` (`id`, `menu_id`, `perm_id`, `gmt_create`, `gmt_modified`) VALUES ('1628603311288881154', '1602505119166312449', '1628570977898467329', '2023-02-23 11:51:02', '2023-02-23 11:51:02');
INSERT INTO `t_sys_menu_perm` (`id`, `menu_id`, `perm_id`, `gmt_create`, `gmt_modified`) VALUES ('1628603471473545217', '1602505341669945346', '1628582262870511617', '2023-02-23 11:51:40', '2023-02-23 11:51:40');
INSERT INTO `t_sys_menu_perm` (`id`, `menu_id`, `perm_id`, `gmt_create`, `gmt_modified`) VALUES ('1628603495813091330', '1602505424838799361', '1628582262870511617', '2023-02-23 11:51:46', '2023-02-23 11:51:46');
INSERT INTO `t_sys_menu_perm` (`id`, `menu_id`, `perm_id`, `gmt_create`, `gmt_modified`) VALUES ('1628603518537830401', '1602505538475077634', '1628582262870511617', '2023-02-23 11:51:51', '2023-02-23 11:51:51');
INSERT INTO `t_sys_menu_perm` (`id`, `menu_id`, `perm_id`, `gmt_create`, `gmt_modified`) VALUES ('1628632872223379458', '201010101010', '1628570977898467329', '2023-02-23 13:48:30', '2023-02-23 13:48:30');
INSERT INTO `t_sys_menu_perm` (`id`, `menu_id`, `perm_id`, `gmt_create`, `gmt_modified`) VALUES ('1628632872227573762', '201010101010', '1628575604970754050', '2023-02-23 13:48:30', '2023-02-23 13:48:30');
INSERT INTO `t_sys_menu_perm` (`id`, `menu_id`, `perm_id`, `gmt_create`, `gmt_modified`) VALUES ('1628632872231768066', '201010101010', '1628575649942081538', '2023-02-23 13:48:30', '2023-02-23 13:48:30');
INSERT INTO `t_sys_menu_perm` (`id`, `menu_id`, `perm_id`, `gmt_create`, `gmt_modified`) VALUES ('1628632872231768067', '201010101010', '1628584137950892034', '2023-02-23 13:48:30', '2023-02-23 13:48:30');
INSERT INTO `t_sys_menu_perm` (`id`, `menu_id`, `perm_id`, `gmt_create`, `gmt_modified`) VALUES ('1628632872235962370', '201010101010', '1628609767245484034', '2023-02-23 13:48:30', '2023-02-23 13:48:30');
INSERT INTO `t_sys_menu_perm` (`id`, `menu_id`, `perm_id`, `gmt_create`, `gmt_modified`) VALUES ('1628632986048401409', '201010101020', '1002', '2023-02-23 13:48:57', '2023-02-23 13:48:57');
INSERT INTO `t_sys_menu_perm` (`id`, `menu_id`, `perm_id`, `gmt_create`, `gmt_modified`) VALUES ('1628632986065178626', '201010101020', '1628572471360098306', '2023-02-23 13:48:57', '2023-02-23 13:48:57');
INSERT INTO `t_sys_menu_perm` (`id`, `menu_id`, `perm_id`, `gmt_create`, `gmt_modified`) VALUES ('1628633121402785794', '201010101030', '1628572661232046082', '2023-02-23 13:49:29', '2023-02-23 13:49:29');
INSERT INTO `t_sys_menu_perm` (`id`, `menu_id`, `perm_id`, `gmt_create`, `gmt_modified`) VALUES ('1628633121406980097', '201010101030', '1628575971045412866', '2023-02-23 13:49:29', '2023-02-23 13:49:29');
INSERT INTO `t_sys_menu_perm` (`id`, `menu_id`, `perm_id`, `gmt_create`, `gmt_modified`) VALUES ('1628633121411174402', '201010101030', '1628576086556545026', '2023-02-23 13:49:29', '2023-02-23 13:49:29');
INSERT INTO `t_sys_menu_perm` (`id`, `menu_id`, `perm_id`, `gmt_create`, `gmt_modified`) VALUES ('1628633229020237826', '201010101040', '1002', '2023-02-23 13:49:55', '2023-02-23 13:49:55');
INSERT INTO `t_sys_menu_perm` (`id`, `menu_id`, `perm_id`, `gmt_create`, `gmt_modified`) VALUES ('1628633229024432130', '201010101040', '1003', '2023-02-23 13:49:55', '2023-02-23 13:49:55');
INSERT INTO `t_sys_menu_perm` (`id`, `menu_id`, `perm_id`, `gmt_create`, `gmt_modified`) VALUES ('1628633229028626434', '201010101040', '1004', '2023-02-23 13:49:55', '2023-02-23 13:49:55');
INSERT INTO `t_sys_menu_perm` (`id`, `menu_id`, `perm_id`, `gmt_create`, `gmt_modified`) VALUES ('1628633229028626435', '201010101040', '1628573190125391873', '2023-02-23 13:49:55', '2023-02-23 13:49:55');
INSERT INTO `t_sys_menu_perm` (`id`, `menu_id`, `perm_id`, `gmt_create`, `gmt_modified`) VALUES ('1628633389167153153', '201010201010', '1628573251244789762', '2023-02-23 13:50:33', '2023-02-23 13:50:33');
INSERT INTO `t_sys_menu_perm` (`id`, `menu_id`, `perm_id`, `gmt_create`, `gmt_modified`) VALUES ('1628633389175541762', '201010201010', '1628576218027003905', '2023-02-23 13:50:33', '2023-02-23 13:50:33');
INSERT INTO `t_sys_menu_perm` (`id`, `menu_id`, `perm_id`, `gmt_create`, `gmt_modified`) VALUES ('1628633389175541763', '201010201010', '1628576391616663554', '2023-02-23 13:50:33', '2023-02-23 13:50:33');
INSERT INTO `t_sys_menu_perm` (`id`, `menu_id`, `perm_id`, `gmt_create`, `gmt_modified`) VALUES ('1628633389179736066', '201010201010', '1628576558478659585', '2023-02-23 13:50:33', '2023-02-23 13:50:33');
INSERT INTO `t_sys_menu_perm` (`id`, `menu_id`, `perm_id`, `gmt_create`, `gmt_modified`) VALUES ('1628633389179736067', '201010201010', '1628576645447553025', '2023-02-23 13:50:33', '2023-02-23 13:50:33');
INSERT INTO `t_sys_menu_perm` (`id`, `menu_id`, `perm_id`, `gmt_create`, `gmt_modified`) VALUES ('1628633389179736068', '201010201010', '1628576804348760066', '2023-02-23 13:50:33', '2023-02-23 13:50:33');
INSERT INTO `t_sys_menu_perm` (`id`, `menu_id`, `perm_id`, `gmt_create`, `gmt_modified`) VALUES ('1628633389183930369', '201010201010', '1628576855032729601', '2023-02-23 13:50:33', '2023-02-23 13:50:33');
INSERT INTO `t_sys_menu_perm` (`id`, `menu_id`, `perm_id`, `gmt_create`, `gmt_modified`) VALUES ('1628633389183930370', '201010201010', '1628573190125391873', '2023-02-23 13:50:33', '2023-02-23 13:50:33');
INSERT INTO `t_sys_menu_perm` (`id`, `menu_id`, `perm_id`, `gmt_create`, `gmt_modified`) VALUES ('1628633389188124673', '201010201010', '1004', '2023-02-23 13:50:33', '2023-02-23 13:50:33');
INSERT INTO `t_sys_menu_perm` (`id`, `menu_id`, `perm_id`, `gmt_create`, `gmt_modified`) VALUES ('1628633389188124674', '201010201010', '1003', '2023-02-23 13:50:33', '2023-02-23 13:50:33');
INSERT INTO `t_sys_menu_perm` (`id`, `menu_id`, `perm_id`, `gmt_create`, `gmt_modified`) VALUES ('1628634670829015042', '201010201030', '1628577009152430082', '2023-02-23 13:55:39', '2023-02-23 13:55:39');
INSERT INTO `t_sys_menu_perm` (`id`, `menu_id`, `perm_id`, `gmt_create`, `gmt_modified`) VALUES ('1628634758087315457', '201010201040', '1002', '2023-02-23 13:56:00', '2023-02-23 13:56:00');
INSERT INTO `t_sys_menu_perm` (`id`, `menu_id`, `perm_id`, `gmt_create`, `gmt_modified`) VALUES ('1628634758091509761', '201010201040', '1004', '2023-02-23 13:56:00', '2023-02-23 13:56:00');
INSERT INTO `t_sys_menu_perm` (`id`, `menu_id`, `perm_id`, `gmt_create`, `gmt_modified`) VALUES ('1628634758091509762', '201010201040', '1003', '2023-02-23 13:56:00', '2023-02-23 13:56:00');
INSERT INTO `t_sys_menu_perm` (`id`, `menu_id`, `perm_id`, `gmt_create`, `gmt_modified`) VALUES ('1628634758095704065', '201010201040', '1628573190125391873', '2023-02-23 13:56:00', '2023-02-23 13:56:00');
INSERT INTO `t_sys_menu_perm` (`id`, `menu_id`, `perm_id`, `gmt_create`, `gmt_modified`) VALUES ('1628634806271479809', '201010201050', '1628582262870511617', '2023-02-23 13:56:11', '2023-02-23 13:56:11');
INSERT INTO `t_sys_menu_perm` (`id`, `menu_id`, `perm_id`, `gmt_create`, `gmt_modified`) VALUES ('1628634984944635905', '201010301010', '1002', '2023-02-23 13:56:54', '2023-02-23 13:56:54');
INSERT INTO `t_sys_menu_perm` (`id`, `menu_id`, `perm_id`, `gmt_create`, `gmt_modified`) VALUES ('1628634984948830209', '201010301010', '1003', '2023-02-23 13:56:54', '2023-02-23 13:56:54');
INSERT INTO `t_sys_menu_perm` (`id`, `menu_id`, `perm_id`, `gmt_create`, `gmt_modified`) VALUES ('1628634984953024513', '201010301010', '1004', '2023-02-23 13:56:54', '2023-02-23 13:56:54');
INSERT INTO `t_sys_menu_perm` (`id`, `menu_id`, `perm_id`, `gmt_create`, `gmt_modified`) VALUES ('1628634984957218818', '201010301010', '1628570977898467329', '2023-02-23 13:56:54', '2023-02-23 13:56:54');
INSERT INTO `t_sys_menu_perm` (`id`, `menu_id`, `perm_id`, `gmt_create`, `gmt_modified`) VALUES ('1628634984957218819', '201010301010', '1628572961120587777', '2023-02-23 13:56:54', '2023-02-23 13:56:54');
INSERT INTO `t_sys_menu_perm` (`id`, `menu_id`, `perm_id`, `gmt_create`, `gmt_modified`) VALUES ('1628634984961413121', '201010301010', '1628573095896158210', '2023-02-23 13:56:54', '2023-02-23 13:56:54');
INSERT INTO `t_sys_menu_perm` (`id`, `menu_id`, `perm_id`, `gmt_create`, `gmt_modified`) VALUES ('1628634984961413122', '201010301010', '1628573190125391873', '2023-02-23 13:56:54', '2023-02-23 13:56:54');
INSERT INTO `t_sys_menu_perm` (`id`, `menu_id`, `perm_id`, `gmt_create`, `gmt_modified`) VALUES ('1628634984965607426', '201010301010', '1628573251244789762', '2023-02-23 13:56:54', '2023-02-23 13:56:54');
INSERT INTO `t_sys_menu_perm` (`id`, `menu_id`, `perm_id`, `gmt_create`, `gmt_modified`) VALUES ('1628634984965607427', '201010301010', '1628572792966746114', '2023-02-23 13:56:54', '2023-02-23 13:56:54');
INSERT INTO `t_sys_menu_perm` (`id`, `menu_id`, `perm_id`, `gmt_create`, `gmt_modified`) VALUES ('1628634984969801729', '201010301010', '1628588484520710145', '2023-02-23 13:56:54', '2023-02-23 13:56:54');
INSERT INTO `t_sys_menu_perm` (`id`, `menu_id`, `perm_id`, `gmt_create`, `gmt_modified`) VALUES ('1628635342781681666', '202010101010', '1002', '2023-02-23 13:58:19', '2023-02-23 13:58:19');
INSERT INTO `t_sys_menu_perm` (`id`, `menu_id`, `perm_id`, `gmt_create`, `gmt_modified`) VALUES ('1628635342790070273', '202010101010', '1003', '2023-02-23 13:58:19', '2023-02-23 13:58:19');
INSERT INTO `t_sys_menu_perm` (`id`, `menu_id`, `perm_id`, `gmt_create`, `gmt_modified`) VALUES ('1628635342790070274', '202010101010', '1004', '2023-02-23 13:58:19', '2023-02-23 13:58:19');
INSERT INTO `t_sys_menu_perm` (`id`, `menu_id`, `perm_id`, `gmt_create`, `gmt_modified`) VALUES ('1628635342794264578', '202010101010', '1628580743085428737', '2023-02-23 13:58:19', '2023-02-23 13:58:19');
INSERT INTO `t_sys_menu_perm` (`id`, `menu_id`, `perm_id`, `gmt_create`, `gmt_modified`) VALUES ('1628635342811041794', '202010101010', '1628570650600148993', '2023-02-23 13:58:19', '2023-02-23 13:58:19');
INSERT INTO `t_sys_menu_perm` (`id`, `menu_id`, `perm_id`, `gmt_create`, `gmt_modified`) VALUES ('1628635413996769282', '202010101020', '1002', '2023-02-23 13:58:36', '2023-02-23 13:58:36');
INSERT INTO `t_sys_menu_perm` (`id`, `menu_id`, `perm_id`, `gmt_create`, `gmt_modified`) VALUES ('1628635414000963585', '202010101020', '1003', '2023-02-23 13:58:36', '2023-02-23 13:58:36');
INSERT INTO `t_sys_menu_perm` (`id`, `menu_id`, `perm_id`, `gmt_create`, `gmt_modified`) VALUES ('1628635414005157890', '202010101020', '1004', '2023-02-23 13:58:36', '2023-02-23 13:58:36');
INSERT INTO `t_sys_menu_perm` (`id`, `menu_id`, `perm_id`, `gmt_create`, `gmt_modified`) VALUES ('1628635414005157891', '202010101020', '1628573650408312833', '2023-02-23 13:58:36', '2023-02-23 13:58:36');
